Food_items,calories,protein_g,fat_g,carb_g,sugar_g,sodium_mg,meal_category,is_veg_final,diabetic_safe,bp_safe
Idli #1,82,1.0524899711626579,0.49098696517423657,17.715457792789092,0.1,40,Breakfast,True,True,True
Dosa #1,168,3.057982520912666,7.961853484474588,26.277226328180898,1.8500870850238913,213,Breakfast,True,True,True
Masala Dosa #1,225,5.238105993439838,7.824507177849508,30.767416785689324,1.1398137246911026,217,Breakfast,True,True,True
Upma #1,208,4.298506384304785,5.109809489138489,34.76812402607466,2.832663565152793,378,Breakfast,True,True,False
Poha #1,194,2.5048068509962045,4.173464785931001,24.749534349497974,0.7939681643806615,250,Breakfast,True,True,True
Oats Porridge #1,152,5.032368756279948,3.7889276293339678,26.406772173364,0.1,76,Breakfast,True,True,True
Aloo Paratha #1,301,5.558595487580555,12.937333931986508,39.11432313161144,1.1684741558651144,390,Breakfast,True,True,False
Paneer Paratha #1,350,12.243399471476316,15.033969108117823,32.04049795562678,1.9563386252225625,428,Breakfast,True,True,False
Moong Dal Chilla #1,192,11.018610547058127,5.663199704493168,20.075496198727325,2.378218666210564,217,Breakfast,True,True,True
Uttapam #1,205,4.657393387182415,7.286842740517885,30.98848137998774,2.782035427864151,353,Breakfast,True,True,False
Chilla #1,182,8.466790773152136,3.520644792963714,21.34759302974162,0.521103722928187,166,Breakfast,True,True,True
Sabudana Khichdi #1,342,4.954944847492451,11.260308827681131,48.509390833014365,2.6980412363119877,535,Breakfast,True,True,False
Thepla #1,156,2.1284273400092157,4.886747257915848,17.303292553926923,1.2233961409457015,236,Breakfast,True,True,True
Stuffed Paratha #1,305,6.80273801006549,9.20758267984122,35.820016607547124,2.2263306853769924,301,Breakfast,True,True,True
Bread Omelette #1,240,11.123068386311228,14.521969085981645,23.220069544107766,1.7123951592179263,386,Breakfast,True,True,False
Idli #2,79,3.4093880220756745,1.293662960195325,13.636094187800657,0.7087018276698596,66,Breakfast,True,True,True
Dosa #2,157,4.475765171776121,6.725134519784555,26.186208302564463,2.148339091399747,217,Breakfast,True,True,True
Masala Dosa #2,255,4.049645976567406,8.788500154204913,27.46412758138807,2.322889330618797,240,Breakfast,True,True,True
Upma #2,195,4.772097077458114,6.535901237224925,35.48505833463882,1.161560355715535,301,Breakfast,True,True,True
Poha #2,190,2.75718443028155,5.448445611849101,29.18040020768071,1.8886709729345632,222,Breakfast,True,True,True
Oats Porridge #2,142,4.865115024193306,2.146996436777904,26.15508296905975,0.17304509649395272,108,Breakfast,True,True,True
Aloo Paratha #2,286,6.452187223157282,13.27898925333148,37.43507493345425,0.9279839745875149,395,Breakfast,True,True,False
Paneer Paratha #2,330,11.200874506390734,15.436679994995185,33.94585581007793,1.698376770017757,478,Breakfast,True,True,False
Moong Dal Chilla #2,192,11.045306656701692,6.684468760044858,22.830115393960998,0.68668944282899,161,Breakfast,True,True,True
Uttapam #2,225,4.943794918740858,8.897500754292812,30.179840505546466,2.8940558864522377,271,Breakfast,True,True,True
Chilla #2,159,6.96337415756187,3.2306460117802276,17.82902909329503,0.5579841518455675,227,Breakfast,True,True,True
Sabudana Khichdi #2,341,5.091195316496396,11.274985936170268,46.22191756835792,3.5168275068179673,500,Breakfast,True,True,False
Thepla #2,141,2.6600956651241097,4.363830194187046,21.46816386189309,2.4763933482791654,283,Breakfast,True,True,True
Stuffed Paratha #2,275,7.9655303253417955,9.890095894214374,37.6401145936147,0.5587990537523777,293,Breakfast,True,True,True
Bread Omelette #2,238,12.186457581283406,14.111919668631572,23.46216717545577,1.9193051903657843,377,Breakfast,True,True,False
Idli #3,65,1.4272949648451725,0.1,13.997181035664838,1.1627089176447059,108,Breakfast,True,True,True
Dosa #3,158,3.7340939575545273,8.178286224743792,23.441137867410873,0.7804910754462089,168,Breakfast,True,True,True
Masala Dosa #3,240,5.421598110507765,8.372249558832673,25.193743679076565,1.676567512973202,182,Breakfast,True,True,True
Upma #3,198,4.685906696594124,5.9476720851816065,29.289631665328777,2.1321199704288962,319,Breakfast,True,True,True
Poha #3,197,2.6293308769449855,4.884432806971824,29.60017471363701,1.7305374093060117,217,Breakfast,True,True,True
Oats Porridge #3,152,5.499645637760198,2.0719132863915997,28.8444515111849,0.1,127,Breakfast,True,True,True
Aloo Paratha #3,285,5.513427415433602,12.09401408274216,35.63387271078134,1.221970934305417,320,Breakfast,True,True,True
Paneer Paratha #3,343,12.538555351649975,13.76313660768918,35.18662072049952,1.2358822087553698,441,Breakfast,True,True,False
Moong Dal Chilla #3,187,10.166985720512765,5.447035374034519,24.866082606011872,1.5128465912370899,219,Breakfast,True,True,True
Uttapam #3,215,3.9806422889441695,7.526792802275368,25.70597432855438,2.0843721705759926,312,Breakfast,True,True,True
Chilla #3,156,6.461289348555659,5.204954639345816,21.220767441709746,1.5560110183872038,143,Breakfast,True,True,True
Sabudana Khichdi #3,344,5.99771987572265,11.627966939958696,48.25851200336049,3.9288340260796737,475,Breakfast,True,True,False
Thepla #3,141,2.906816344023222,5.712039385048806,17.44241989837297,1.279046892981123,212,Breakfast,True,True,True
Stuffed Paratha #3,297,8.02240434928631,10.948339393295031,36.92395414730396,1.6115404502459603,376,Breakfast,True,True,False
Bread Omelette #3,269,11.105356826485636,14.841371266986672,19.644908577093403,0.7763474482235229,366,Breakfast,True,True,False
Idli #4,76,1.808177423014247,0.5833606920030193,12.899901258336673,0.4374471194711734,97,Breakfast,True,True,True
Dosa #4,178,4.069191176074392,7.895328230284063,26.303313783918092,1.2362586449614261,177,Breakfast,True,True,True
Masala Dosa #4,246,3.5153494610317297,7.710990845407731,25.700348138067564,2.277598867163417,169,Breakfast,True,True,True
Upma #4,225,5.474404064082371,7.037714374930734,34.258749428774124,1.0448036847107336,283,Breakfast,True,True,True
Poha #4,191,2.8850097113967204,4.340972502647747,26.27811545677737,0.1,293,Breakfast,True,True,True
Oats Porridge #4,145,4.068325834548023,3.235530336345409,29.859654360702894,0.4260267248769838,81,Breakfast,True,True,True
Aloo Paratha #4,282,4.790475417376859,11.638942142358948,34.295673392336894,2.021738152890108,323,Breakfast,True,True,True
Paneer Paratha #4,355,12.977666744462171,15.103548004373238,36.51032798538301,1.0007197570314033,468,Breakfast,True,True,False
Moong Dal Chilla #4,184,9.009585622897076,6.0805013062974185,20.393304438483945,0.993379707645986,183,Breakfast,True,True,True
Uttapam #4,238,4.703820132837915,7.003839954944633,30.997592243120224,1.9040852776994726,274,Breakfast,True,True,True
Chilla #4,178,8.007494192477113,3.7211448691088935,20.736207112934057,0.5510861637270383,208,Breakfast,True,True,True
Sabudana Khichdi #4,308,4.13486631874876,12.62171739938577,44.594477366247446,2.6439889413404076,498,Breakfast,True,True,False
Thepla #4,146,3.428272247292167,4.280228769019985,23.521300717446078,2.51899126110913,298,Breakfast,True,True,True
Stuffed Paratha #4,282,7.293306513742891,10.647013251719853,35.29059101664668,1.6978973898204335,349,Breakfast,True,True,True
Bread Omelette #4,266,11.76899221377383,13.164778520156242,23.135034581512066,0.17615826765747022,345,Breakfast,True,True,True
Idli #5,103,2.1694235809592652,0.1,12.113751853512415,0.1,93,Breakfast,True,True,True
Dosa #5,173,4.684771144693652,8.172527496835192,25.3712829466698,0.5280253901410632,194,Breakfast,True,True,True
Masala Dosa #5,221,5.221893465312093,9.38897611045004,31.54148610442021,0.5958150228002745,235,Breakfast,True,True,True
Upma #5,196,4.460021725707918,7.033078989162393,33.625472941209026,2.775912472380151,310,Breakfast,True,True,True
Poha #5,201,3.1150304239015494,5.984707613585678,24.198687755886905,0.9388680257066437,234,Breakfast,True,True,True
Oats Porridge #5,173,5.696500796212468,4.191244398739636,24.907309584921432,0.42086244006500384,156,Breakfast,True,True,True
Aloo Paratha #5,284,5.982791305351689,12.384779198792895,36.45912984758565,1.2812636507344906,349,Breakfast,True,True,True
Paneer Paratha #5,326,11.07843114810515,14.71840791250275,33.51272972335112,1.4374719340906328,399,Breakfast,True,True,False
Moong Dal Chilla #5,200,10.049176197443462,5.268147994010761,20.489205039021996,1.6002655805086266,220,Breakfast,True,True,True
Uttapam #5,210,4.204166805825926,7.429422902428912,27.610842873427845,1.5602623942000946,284,Breakfast,True,True,True
Chilla #5,178,8.046623325574393,3.747063798768025,21.080229116230548,1.4598923979081304,168,Breakfast,True,True,True
Sabudana Khichdi #5,345,4.65417334378245,12.73425101339209,46.094313217946016,3.877461451708376,478,Breakfast,True,True,False
Thepla #5,173,2.5049449073035635,4.976422826181788,22.78549122263966,1.8069425879976744,307,Breakfast,True,True,True
Stuffed Paratha #5,275,6.699842521516819,10.573898027726955,38.72484695222326,1.162466427806808,323,Breakfast,True,True,True
Bread Omelette #5,239,13.218381901439681,15.065974361759585,25.379178094920135,0.1874668240697086,392,Breakfast,True,True,False
Idli #6,100,1.2597407003278396,0.6799031791135687,15.117501664710748,0.1,41,Breakfast,True,True,True
Dosa #6,178,3.8307736982916976,6.911743039056569,26.151004537718656,0.5189382254043327,163,Breakfast,True,True,True
Masala Dosa #6,234,4.986993973847517,8.286059558322314,28.20764689907601,0.509613373166584,221,Breakfast,True,True,True
Upma #6,234,4.8329995582581615,5.6077143515031915,35.494290547357906,1.3185979296711952,315,Breakfast,True,True,True
Poha #6,196,3.218840331689046,6.197967526387964,26.736841452223114,1.228283470184022,251,Breakfast,True,True,True
Oats Porridge #6,157,4.364442570005167,3.512392205420855,29.411873853428254,0.14530150385918117,82,Breakfast,True,True,True
Aloo Paratha #6,297,4.215260347882705,13.42345599430542,39.892094579496224,1.6218594712375223,354,Breakfast,True,True,False
Paneer Paratha #6,349,11.910517760298236,15.417017154986166,33.48229965964043,2.2274392856328467,406,Breakfast,True,True,False
Moong Dal Chilla #6,198,10.501278656102047,5.378434414526364,23.968522035435523,2.1236863911456956,200,Breakfast,True,True,True
Uttapam #6,227,5.409801659199671,9.481918370803768,25.014797837122142,2.36715906423847,327,Breakfast,True,True,True
Chilla #6,150,7.552225653999383,4.658925002396069,17.899031331946393,1.9975201799834863,233,Breakfast,True,True,True
Sabudana Khichdi #6,326,4.104691563506157,11.437234528113354,45.57276776337275,3.0477505415091137,533,Breakfast,True,True,False
Thepla #6,161,2.8658172578958347,4.704980430593814,18.581267061234584,2.773933945863591,218,Breakfast,True,True,True
Stuffed Paratha #6,305,7.627698065690259,11.491692121071155,39.57323447328005,2.3923486532479545,389,Breakfast,True,True,False
Bread Omelette #6,256,12.503319022246535,15.079192686218466,25.294148168729457,0.7285798139559343,315,Breakfast,True,True,True
Idli #7,93,2.6044259002708268,0.6986282633659432,15.563210400042038,1.0402848683183266,100,Breakfast,True,True,True
Dosa #7,176,3.5385328685327564,8.130938982013348,23.556697388415238,1.568406610706024,172,Breakfast,True,True,True
Masala Dosa #7,252,3.4810255111221773,8.63769161144052,27.118233281293502,1.1624245467267038,225,Breakfast,True,True,True
Upma #7,204,6.470760389384082,6.455875654927601,35.02733979662495,1.6481367706040406,280,Breakfast,True,True,True
Poha #7,182,4.237393768305918,4.695776914778938,30.08753162555802,0.4860519613793197,248,Breakfast,True,True,True
Oats Porridge #7,161,6.480508228112466,2.9176661857139963,29.1281831721895,0.1,76,Breakfast,True,True,True
Aloo Paratha #7,286,4.889168069582656,12.335404331941412,36.783439221039764,1.2795318099728528,399,Breakfast,True,True,False
Paneer Paratha #7,335,12.320760055552721,14.80844437110136,33.73634303868122,1.94952035737865,467,Breakfast,True,True,False
Moong Dal Chilla #7,215,10.75640482102382,5.995496373999938,21.761407052577326,0.6345047654944833,216,Breakfast,True,True,True
Uttapam #7,243,3.132307611354377,8.82504329023778,28.22187139825012,2.3947912612135642,281,Breakfast,True,True,True
Chilla #7,157,6.147593963506595,4.094535095181033,16.070320508742043,1.2706020431571265,219,Breakfast,True,True,True
Sabudana Khichdi #7,343,4.039178886069708,12.270185269762848,43.73739107092593,2.048085779448876,473,Breakfast,True,True,False
Thepla #7,141,2.474668885013024,5.955864698948418,20.131399434495464,2.427504620312927,292,Breakfast,True,True,True
Stuffed Paratha #7,311,7.756753840785686,11.308780288875639,38.57048402262892,1.6657594419199326,311,Breakfast,True,True,True
Bread Omelette #7,247,13.287974891434644,13.474118981888214,24.48422074102898,1.3540148983320237,354,Breakfast,True,True,False
Idli #8,67,2.161972597395581,0.1,13.242434358967078,0.9945644217761198,55,Breakfast,True,True,True
Dosa #8,191,3.1925375783537167,5.941152889098746,24.076355068821353,0.3150211166297199,184,Breakfast,True,True,True
Masala Dosa #8,253,3.2919224586321256,7.434811766123173,26.818326743676895,2.0246138454703333,178,Breakfast,True,True,True
Upma #8,228,4.6659186175629666,6.643199744666215,29.259947894571663,1.1474047888882586,287,Breakfast,True,True,True
Poha #8,165,4.2932099812384354,5.32287109597927,27.190532954822277,0.13477463793806255,249,Breakfast,True,True,True
Oats Porridge #8,169,5.673044862626646,4.0190051727317035,25.26573686413937,0.6426508253356025,65,Breakfast,True,True,True
Aloo Paratha #8,273,5.781916574530679,13.209815771068442,37.71693929811305,1.0694446010071983,394,Breakfast,True,True,False
Paneer Paratha #8,335,11.55977855218735,13.514632686759226,33.25060212242931,2.389285968436724,388,Breakfast,True,True,False
Moong Dal Chilla #8,209,9.120115844648932,5.996934795097653,24.867135656637355,0.6799668164402577,174,Breakfast,True,True,True
Uttapam #8,241,3.795703158340207,9.47657199112077,27.262107487265737,2.5924165728852895,343,Breakfast,True,True,True
Chilla #8,151,7.628155276286041,3.0214785434948457,18.46030826582839,1.2230309138078423,171,Breakfast,True,True,True
Sabudana Khichdi #8,337,4.9342457410105744,13.388061628099386,42.82926545832977,2.6570198151609175,475,Breakfast,True,True,False
Thepla #8,147,3.0085018250303133,4.093119741282083,19.69826776605656,1.4265885880448816,216,Breakfast,True,True,True
Stuffed Paratha #8,306,7.323706568592739,9.587164715862595,40.02195915670912,1.4640404169745629,372,Breakfast,True,True,False
Bread Omelette #8,247,12.995259886587684,15.197302694847103,23.58092413546967,0.6931273720662419,368,Breakfast,True,True,False
Idli #9,78,1.5376166871559487,1.6285555007510637,17.709696232212288,0.7103162423028577,69,Breakfast,True,True,True
Dosa #9,188,3.338235377263227,7.452895552512343,26.058159033912126,1.97105702095154,174,Breakfast,True,True,True
Masala Dosa #9,248,3.0574273132104217,9.261758349443731,25.075149258060833,1.2818628913582528,247,Breakfast,True,True,True
Upma #9,207,6.2172077573974915,7.042976578092026,35.5801580072431,2.165416602048941,306,Breakfast,True,True,True
Poha #9,202,3.235868254920856,6.032096669378271,24.848446453111045,1.1640607015343098,256,Breakfast,True,True,True
Oats Porridge #9,168,4.182140077542484,4.026830413456604,27.259559852040834,0.1,155,Breakfast,True,True,True
Aloo Paratha #9,302,4.500551776003306,11.376358835908396,37.90831215613085,2.252238693658295,325,Breakfast,True,True,True
Paneer Paratha #9,324,12.158438958023014,15.404769922316545,35.83358384349951,1.7750922691553326,424,Breakfast,True,True,False
Moong Dal Chilla #9,211,11.484357774173837,5.358021451677645,19.31543268679802,0.6511719268379859,170,Breakfast,True,True,True
Uttapam #9,220,4.574995782892286,9.44028984986705,29.4015220451393,2.6505237090740734,279,Breakfast,True,True,True
Chilla #9,181,6.085477215621523,5.490379344773419,20.7089767854292,1.1098525391734542,157,Breakfast,True,True,True
Sabudana Khichdi #9,317,6.294834049481023,12.628042443198703,45.68229686583526,3.7145105359835675,513,Breakfast,True,True,False
Thepla #9,152,3.435235476047835,4.657446174610957,18.975970207213553,1.8729986985203182,231,Breakfast,True,True,True
Stuffed Paratha #9,296,6.736883528710958,11.121871950675441,41.53692360137976,1.5678823145675753,347,Breakfast,True,True,True
Bread Omelette #9,263,12.635954767480115,15.410393421889566,20.450026208835478,1.8105676443757617,357,Breakfast,True,True,False
Idli #10,75,2.3475402513220427,1.6522273278441282,13.352439775420775,0.24161998793511602,75,Breakfast,True,True,True
Dosa #10,160,3.0786581231497845,6.34110782628883,23.549047190969098,0.8412523011114796,171,Breakfast,True,True,True
Masala Dosa #10,243,3.425660233191934,8.907822463421375,25.870140845050663,2.3093227996169636,215,Breakfast,True,True,True
Upma #10,226,5.417495077093631,6.000185840100137,29.441971929240694,2.721370430229213,306,Breakfast,True,True,True
Poha #10,198,3.5610646891719138,6.232284106295074,30.66171857133033,1.4264563249749305,248,Breakfast,True,True,True
Oats Porridge #10,141,5.37308791277602,3.6193247253514578,25.28012344226683,0.1,84,Breakfast,True,True,True
Aloo Paratha #10,299,4.547123103862827,11.84619108029643,37.456533070057645,2.4022375483388476,329,Breakfast,True,True,True
Paneer Paratha #10,348,11.911696341109819,13.830265020702502,35.48308322660993,1.8459334200191693,451,Breakfast,True,True,False
Moong Dal Chilla #10,210,9.06769706764416,5.602362674152601,22.156185054458177,1.3670396235786384,223,Breakfast,True,True,True
Uttapam #10,239,3.397727913544395,7.495362538595558,25.928894107290212,1.7998698422625286,296,Breakfast,True,True,True
Chilla #10,162,7.2991063691645035,4.678427741480289,18.602653054600268,0.2853587060679186,184,Breakfast,True,True,True
Sabudana Khichdi #10,326,5.652389776720677,11.437282092657778,47.79753422865132,2.08128920522156,517,Breakfast,True,True,False
Thepla #10,171,3.400097912112945,4.201959056751926,19.749717622819293,2.2560747999493564,280,Breakfast,True,True,True
Stuffed Paratha #10,280,7.8797709566170315,10.470451579984777,38.997017317635255,1.1079263564369464,340,Breakfast,True,True,True
Bread Omelette #10,265,11.104023254946586,14.279733813322018,21.468546033389508,0.1,377,Breakfast,True,True,False
Idli #11,87,1.946688736193218,0.9391785632920241,17.127898239044367,0.6499904603270745,117,Breakfast,True,True,True
Dosa #11,163,3.4277563424301603,8.128364531034103,26.90482250191079,0.6012658106059654,203,Breakfast,True,True,True
Masala Dosa #11,227,5.281596245865895,8.468082758649974,31.878601668292763,2.407531589275754,168,Breakfast,True,True,True
Upma #11,201,4.424051968873361,5.463200264538715,35.51527659913001,1.9240740819620399,372,Breakfast,True,True,False
Poha #11,169,2.731980919871355,6.291716706231742,29.974311452577517,0.26705569168278287,217,Breakfast,True,True,True
Oats Porridge #11,175,4.049740390114448,4.182423293832553,27.187194841443258,0.18510178745041173,126,Breakfast,True,True,True
Aloo Paratha #11,268,4.107765735312912,13.298361319695333,34.50048312229569,1.039645941665691,316,Breakfast,True,True,True
Paneer Paratha #11,347,12.382148255510181,13.690276358263066,33.718281124911776,1.276646988063771,463,Breakfast,True,True,False
Moong Dal Chilla #11,192,10.452919577726062,7.48929707983298,23.59737819529245,1.289216158256534,187,Breakfast,True,True,True
Uttapam #11,231,4.5699376700895815,7.837174763053385,29.43079433341793,2.225843122995523,351,Breakfast,True,True,False
Chilla #11,153,7.249361093329358,4.715215947090645,19.368283108928743,0.4372373092051991,154,Breakfast,True,True,True
Sabudana Khichdi #11,341,5.707837577131041,12.06021164961145,46.93420828013111,3.0568484782681784,545,Breakfast,True,True,False
Thepla #11,138,3.883810796543897,4.392812052894149,20.35457281280487,1.5982348202890473,299,Breakfast,True,True,True
Stuffed Paratha #11,311,8.193735798484267,10.350978952132712,40.84214137282026,1.43778496763392,383,Breakfast,True,True,False
Bread Omelette #11,272,11.068670039116409,15.258528240046527,22.543090268616133,0.41668199344826107,369,Breakfast,True,True,False
Idli #12,88,2.4717388401217972,0.1,16.558847966160613,0.5249360499417899,109,Breakfast,True,True,True
Dosa #12,177,4.719061700618475,7.670457365670116,22.953166836623982,0.7076792857935201,212,Breakfast,True,True,True
Masala Dosa #12,228,3.620604638872638,7.053020784386483,27.161950540731635,1.8867779061155592,255,Breakfast,True,True,True
Upma #12,221,4.490464453303647,6.598284415631928,30.123632476436782,2.932275264645782,378,Breakfast,True,True,False
Poha #12,196,2.4381871984610513,4.828579957344262,30.70108011208401,1.8450430624175156,306,Breakfast,True,True,True
Oats Porridge #12,147,5.844956705067978,3.6341566858897547,25.421092781401878,0.1,158,Breakfast,True,True,True
Aloo Paratha #12,266,5.299463076750282,11.070344203360937,34.37029026388776,1.2229508124001727,390,Breakfast,True,True,False
Paneer Paratha #12,321,13.06521812866675,13.840049872803633,34.88061291918013,1.7078919917049638,471,Breakfast,True,True,False
Moong Dal Chilla #12,178,10.851970224857586,5.015475207892942,20.108275246799654,1.011601336311887,226,Breakfast,True,True,True
Uttapam #12,235,4.269459566471017,7.208967817185831,30.219703074313067,2.178960895302389,330,Breakfast,True,True,True
Chilla #12,185,6.779244752622403,3.0438891277687583,19.03626280154726,1.7896381751164143,201,Breakfast,True,True,True
Sabudana Khichdi #12,322,5.557174508146414,13.153686417963737,45.390410053795634,2.160563066310904,535,Breakfast,True,True,False
Thepla #12,170,2.2213531771628565,4.805987349208614,20.916491716859074,2.777757507991197,309,Breakfast,True,True,True
Stuffed Paratha #12,304,7.603918861958522,9.175227055384896,40.99223353136465,0.9704639660078411,364,Breakfast,True,True,False
Bread Omelette #12,258,11.377057073401469,13.809491261754367,25.42682243546067,1.738642445362842,315,Breakfast,True,True,True
Idli #13,65,3.093240959590931,1.6736058181124749,12.550878496074787,0.895814888397745,113,Breakfast,True,True,True
Dosa #13,170,2.748462440441234,6.534313318444309,21.09650936811557,1.446793497616732,178,Breakfast,True,True,True
Masala Dosa #13,221,3.1308579880615635,7.397785578916274,26.773267534992854,0.9029826543230979,166,Breakfast,True,True,True
Upma #13,232,4.613825766808177,5.05377971230598,32.79599116777145,1.4719087559174473,337,Breakfast,True,True,True
Poha #13,183,3.2061012142379886,4.074906327526691,24.97144059849959,1.0929941243101187,229,Breakfast,True,True,True
Oats Porridge #13,174,6.1311992102727215,2.8547589340031996,27.69921632672856,0.1,129,Breakfast,True,True,True
Aloo Paratha #13,295,4.121328055419074,12.933596714157584,37.74753229331078,2.381607679368341,354,Breakfast,True,True,False
Paneer Paratha #13,335,11.632045273101602,14.81768843040998,38.1903385164253,2.7682406486078146,424,Breakfast,True,True,False
Moong Dal Chilla #13,182,11.21517929420807,5.7354646072297975,21.438037440548392,1.4131020787650947,174,Breakfast,True,True,True
Uttapam #13,240,3.97841758718745,8.853269402627948,29.865807382928665,2.1810873701012157,369,Breakfast,True,True,False
Chilla #13,169,6.036250241114443,3.561226481166724,15.458486528405567,0.3706038356260499,226,Breakfast,True,True,True
Sabudana Khichdi #13,326,5.805941630722495,11.24731426241712,45.81419198310974,2.8258391167861436,462,Breakfast,True,True,False
Thepla #13,158,2.3386291467579197,4.890206892749347,23.689509363292803,1.239984231404819,251,Breakfast,True,True,True
Stuffed Paratha #13,289,8.460871008589205,10.369503465686018,38.54710490642199,2.1012973359690825,323,Breakfast,True,True,True
Bread Omelette #13,275,12.819274947180926,13.814581474277837,24.92942461236515,1.9152582177070923,333,Breakfast,True,True,True
Idli #14,73,2.4411811343824095,0.1,11.066469011670469,0.1,123,Breakfast,True,True,True
Dosa #14,175,3.525981083834798,6.487226789459019,26.35038884669771,1.426410450312547,197,Breakfast,True,True,True
Masala Dosa #14,243,5.233943321727509,8.399119182603245,28.712015613342352,1.476081769722991,184,Breakfast,True,True,True
Upma #14,217,5.074601275926129,6.487277740064014,32.54586910638878,2.2667121470117713,328,Breakfast,True,True,True
Poha #14,190,2.838361259294208,6.3355486283975235,30.48628375273816,0.35861166197076577,286,Breakfast,True,True,True
Oats Porridge #14,136,5.404874262324699,4.003281766276786,26.203271325565836,0.1,160,Breakfast,True,True,True
Aloo Paratha #14,270,6.031649290167998,11.713019774771851,37.982755063023966,0.9431387362127301,387,Breakfast,True,True,False
Paneer Paratha #14,324,12.062911733849113,14.520048964679455,34.19445415648573,2.117434869947528,444,Breakfast,True,True,False
Moong Dal Chilla #14,207,9.407610713536432,6.926823292392502,24.56743348901584,0.9998553369667256,205,Breakfast,True,True,True
Uttapam #14,245,5.070319652857614,7.3379929815596565,30.842113364610377,1.2652808609189687,283,Breakfast,True,True,True
Chilla #14,155,7.631909936260552,3.9358649056240615,21.93911269200931,0.5761452622424128,162,Breakfast,True,True,True
Sabudana Khichdi #14,308,4.355680860672855,12.445117856984707,47.787565792414334,2.591614044372577,518,Breakfast,True,True,False
Thepla #14,170,4.0670410164170345,5.550708568296397,17.061511174623032,1.491190294623179,240,Breakfast,True,True,True
Stuffed Paratha #14,310,8.13432350520486,11.272806644850231,40.62668656537254,0.780314805953541,385,Breakfast,True,True,False
Bread Omelette #14,257,12.47374679127789,13.83663733851749,22.109584923324668,0.2967377349111826,365,Breakfast,True,True,False
Idli #15,70,3.203639485145267,1.4825602874433907,13.943295021705232,0.9971712203071303,68,Breakfast,True,True,True
Dosa #15,182,3.074528710097679,7.449304725380035,21.945759142928274,1.3929685791547137,176,Breakfast,True,True,True
Masala Dosa #15,227,3.687723811356006,9.068786485335698,31.052832402230866,0.8652035932644484,182,Breakfast,True,True,True
Upma #15,222,4.642618436052566,5.325636154100792,31.632178548759107,1.8433139406228352,361,Breakfast,True,True,False
Poha #15,187,4.409229758535572,5.5539216182682765,24.995689031574965,0.8686438041039568,249,Breakfast,True,True,True
Oats Porridge #15,157,5.457217328589392,2.105086166076139,28.755221328562275,0.1,61,Breakfast,True,True,True
Aloo Paratha #15,288,5.939237576873946,12.703541912176137,37.77136212740292,1.6571470814086744,400,Breakfast,True,True,False
Paneer Paratha #15,336,11.333028239927824,13.054886786960152,33.97967305220745,2.05195752640303,382,Breakfast,True,True,False
Moong Dal Chilla #15,182,10.549751326341468,6.797282233917251,21.87821050024245,1.1076915765869875,218,Breakfast,True,True,True
Uttapam #15,223,5.117597519305085,7.514223106415976,29.54504250752488,2.024103906777423,350,Breakfast,True,True,False
Chilla #15,163,6.1519866506091505,5.150400419037975,21.837958988318814,1.206385204374707,169,Breakfast,True,True,True
Sabudana Khichdi #15,328,5.161808284454681,13.018302031593393,43.494609694407025,3.252433041754241,480,Breakfast,True,True,False
Thepla #15,165,4.165399909586333,4.266473631187301,23.964373075821236,2.280276209672636,239,Breakfast,True,True,True
Stuffed Paratha #15,307,8.147555882859754,10.924495050166598,35.36102707213441,1.3960320142870342,314,Breakfast,True,True,True
Bread Omelette #15,239,13.269637977420542,13.69399047823294,25.49279497002223,1.7682954319717858,318,Breakfast,True,True,True
Chapati #1,111,3.986581140269915,2.7560222382772968,17.469905267988413,1.296729326029678,82,Lunch/Dinner,True,True,True
Rice #1,212,3.720348277372126,0.1,43.285690648568746,0.1,5,Lunch/Dinner,True,True,True
Jeera Rice #1,240,4.774227758519549,5.232601792767666,43.32097948855726,0.1,321,Lunch/Dinner,True,True,True
Dal Tadka #1,187,8.01473959180263,6.380583950621618,21.221380633473288,1.7059068665041917,387,Lunch/Dinner,True,True,False
Dal Fry #1,200,9.917188489961594,7.784593040674468,23.571455556634465,1.5247779813694922,382,Lunch/Dinner,True,True,False
Rajma Curry #1,226,13.166828202293193,6.382486406911623,37.485171799003645,2.332123765967368,443,Lunch/Dinner,True,True,False
Chole Curry #1,252,13.247502188325342,6.798144081687865,34.46959538265931,3.947358995419407,415,Lunch/Dinner,True,True,False
Paneer Curry #1,294,15.241524178352211,20.770278187945344,10.446785072438226,2.3579707052559584,461,Lunch/Dinner,True,True,False
Paneer Bhurji #1,302,18.798739225168955,19.112794055352712,8.118200878031505,1.5467235725297144,283,Lunch/Dinner,True,True,True
Bhindi Masala #1,158,3.4600540610895103,6.385830288630897,16.831213708819657,3.4783028491469166,261,Lunch/Dinner,True,True,True
Aloo Gobi #1,177,3.789356011938237,7.623723335346169,26.510898041847607,1.4271672158962923,267,Lunch/Dinner,True,True,True
Mix Veg #1,164,5.226867015633706,7.813552765529425,15.248169752016464,2.836542235752704,253,Lunch/Dinner,True,True,True
Baingan Bharta #1,173,4.490419073686627,9.583803796757488,15.842581814682969,2.6272269324682784,277,Lunch/Dinner,True,True,True
Kofta Curry #1,329,11.37879974538735,22.837198956209928,20.099007239722237,3.1644011279514075,465,Lunch/Dinner,True,True,False
Veg Biryani #1,346,8.006616509666891,7.806603280918766,52.05388396287912,2.1330455157057058,847,Lunch/Dinner,True,True,False
Khichdi #1,243,7.962472594082618,6.250411488616644,35.385907422508524,1.8629112267878727,208,Lunch/Dinner,True,True,True
Sambar #1,129,4.6719804227047685,5.049218434338224,17.611602670049926,2.1478213178062746,160,Lunch/Dinner,True,True,True
Rasam #1,83,4.344777960299453,2.9398193985606755,12.2844111340785,2.2579031128797715,155,Lunch/Dinner,True,True,True
Fish Curry #1,275,23.999273094591686,11.409469969919067,4.8128958977336795,0.3833908884533679,401,Lunch/Dinner,False,True,False
Fish Fry #1,269,21.294483775422602,14.289957751851041,7.550368549527725,0.7815749042568911,330,Lunch/Dinner,False,True,True
Chicken Curry #1,302,21.985814061702712,16.289718748882265,2.050041482370289,1.351144963971814,475,Lunch/Dinner,False,True,False
Chicken Tikka #1,250,26.777907456743264,11.124183762127453,1.8764180635286307,1.6083606619991508,389,Lunch/Dinner,False,True,False
Chicken Biryani #1,499,27.307079841073293,15.930643214763931,61.837537291609195,2.091476214756006,994,Lunch/Dinner,False,True,False
Mutton Curry #1,386,31.39101350055422,28.425166119836632,3.14154306552304,0.12241889315739996,738,Lunch/Dinner,False,True,False
Chapati #2,144,2.9499847132352146,3.083990828164585,21.167772026197383,0.49379854553157054,142,Lunch/Dinner,True,True,True
Rice #2,188,3.6395330660560683,0.1,42.869303424569324,0.1,64,Lunch/Dinner,True,True,True
Jeera Rice #2,246,3.968387627591386,4.702724524796466,45.27619684087216,0.7850269223699334,313,Lunch/Dinner,True,True,True
Dal Tadka #2,169,8.561804800379901,5.024748174436923,17.674341092939652,2.883576780321099,369,Lunch/Dinner,True,True,False
Dal Fry #2,235,10.865320671644733,8.078763837306196,23.668124778425387,2.6753054927833055,425,Lunch/Dinner,True,True,False
Rajma Curry #2,252,13.322419933255993,6.134764126660112,34.772743274000966,2.2611663014252685,500,Lunch/Dinner,True,True,False
Chole Curry #2,272,12.784191851567169,7.748166705121957,35.74125227391196,2.4675108925938147,442,Lunch/Dinner,True,True,False
Paneer Curry #2,317,13.327360505272244,20.136425570334886,13.545865332164702,2.013761745910684,407,Lunch/Dinner,True,True,False
Paneer Bhurji #2,270,19.299923067791408,18.582903174655296,9.732196754337942,1.7842945304508002,306,Lunch/Dinner,True,True,True
Bhindi Masala #2,174,4.706170153057337,7.338304828666459,18.236145453715462,2.970382658556318,180,Lunch/Dinner,True,True,True
Aloo Gobi #2,184,2.165067345623293,6.258038702094833,22.54890174147279,1.5913893180308665,271,Lunch/Dinner,True,True,True
Mix Veg #2,158,5.2448192499724,8.003032379493984,16.435325667083735,2.0816406334464985,235,Lunch/Dinner,True,True,True
Baingan Bharta #2,166,5.231982389597013,9.946897496345983,15.3788751551568,3.031348083322473,215,Lunch/Dinner,True,True,True
Kofta Curry #2,326,11.019919333273759,21.06884353997682,17.326545257278617,3.4193820891656186,490,Lunch/Dinner,True,True,False
Veg Biryani #2,353,7.670924865571203,8.637068633442478,56.15352232981277,3.234773531248781,906,Lunch/Dinner,True,True,False
Khichdi #2,249,6.135879145635516,4.527559958940296,33.47146430041454,1.3050680644876047,219,Lunch/Dinner,True,True,True
Sambar #2,136,6.359757072683351,5.18597354607523,12.92833488157969,2.67077562377565,251,Lunch/Dinner,True,True,True
Rasam #2,101,2.2273257376750726,1.7748303047783422,10.702107587434016,2.802559290600896,139,Lunch/Dinner,True,True,True
Fish Curry #2,273,24.975951481978278,12.414529079652695,5.6780343028418425,0.7239653616679065,334,Lunch/Dinner,False,True,True
Fish Fry #2,259,23.454837391766088,14.764482728549966,8.774204549087496,0.8971345283053034,314,Lunch/Dinner,False,True,True
Chicken Curry #2,301,21.358843824021854,15.713134938694632,8.15696901807256,1.4368592833988207,482,Lunch/Dinner,False,True,False
Chicken Tikka #2,284,28.358289401445774,11.793403303401846,5.678206313818513,0.417918331852128,396,Lunch/Dinner,False,True,False
Chicken Biryani #2,489,29.132847402838493,17.478990936276585,58.937424876485764,2.3959681398255954,1009,Lunch/Dinner,False,True,False
Mutton Curry #2,408,29.577874483843654,28.392413718735305,6.44050639949185,0.9601965406913484,743,Lunch/Dinner,False,True,False
Chapati #3,113,2.390789375806123,2.036395570565011,18.581485388048577,0.45600444742703905,58,Lunch/Dinner,True,True,True
Rice #3,220,5.330195197318565,0.383318837631057,45.09494921476104,0.1,5,Lunch/Dinner,True,True,True
Jeera Rice #3,227,3.5718713462910405,4.085508931925391,45.95252669517018,0.1,341,Lunch/Dinner,True,True,True
Dal Tadka #3,170,8.953212877728845,6.431155808722954,20.431294812413967,1.7298425274551434,413,Lunch/Dinner,True,True,False
Dal Fry #3,213,9.523609709481951,9.433285963890151,25.72714731076484,1.5813713717645455,394,Lunch/Dinner,True,True,False
Rajma Curry #3,247,12.767445807337142,7.241805770697422,32.6342934230571,1.4180370508135618,477,Lunch/Dinner,True,True,False
Chole Curry #3,252,12.188430593502439,7.7007818127750784,32.5490779249896,3.205051017306535,425,Lunch/Dinner,True,True,False
Paneer Curry #3,293,13.414781012860786,21.215529257686846,14.728784472671464,2.4784122419109353,446,Lunch/Dinner,True,True,False
Paneer Bhurji #3,273,17.477867407773715,17.679957579416687,10.736238506626567,1.2474118396363068,301,Lunch/Dinner,True,True,True
Bhindi Masala #3,161,3.9180500203619184,7.939394630950453,17.17332894420435,3.6976091032401293,182,Lunch/Dinner,True,True,True
Aloo Gobi #3,190,4.036333764613032,7.6964673854725385,24.705129387155868,2.1513173129808494,251,Lunch/Dinner,True,True,True
Mix Veg #3,147,5.512981195066628,6.672478854770968,16.802944440710085,3.2827325485922687,263,Lunch/Dinner,True,True,True
Baingan Bharta #3,168,4.450502548894305,9.536402724792614,17.560450827744237,3.6931254604244717,258,Lunch/Dinner,True,True,True
Kofta Curry #3,334,9.383356866679152,21.370916830530522,20.673071416670542,2.854564356302315,536,Lunch/Dinner,True,True,False
Veg Biryani #3,350,8.421029245855898,8.609924041527554,56.286336728502384,3.7955974119975515,823,Lunch/Dinner,True,True,False
Khichdi #3,216,7.686533356088344,4.697434392062151,34.592212389377636,1.788771567835137,252,Lunch/Dinner,True,True,True
Sambar #3,141,6.151975417725486,4.496690155098793,17.15842185653449,2.0876422857685206,245,Lunch/Dinner,True,True,True
Rasam #3,79,2.429802797430751,3.215611175580106,12.820232890603291,2.8454435824019955,159,Lunch/Dinner,True,True,True
Fish Curry #3,278,23.553612972265217,11.030959638536226,7.833549568245086,0.9210479033745336,322,Lunch/Dinner,False,True,True
Fish Fry #3,259,22.24622443703238,14.18363133614945,4.262811053177827,0.7741775465045118,280,Lunch/Dinner,False,True,True
Chicken Curry #3,269,22.65060973947959,15.054504116024862,5.300674096136536,1.425244369563835,475,Lunch/Dinner,False,True,False
Chicken Tikka #3,247,26.221724525895127,13.12657595780047,0.14361202610787016,0.11020875437540711,389,Lunch/Dinner,False,True,False
Chicken Biryani #3,494,27.51040286628977,16.579381467499502,58.070654523706665,2.299003016519638,1009,Lunch/Dinner,False,True,False
Mutton Curry #3,399,30.10569607538264,27.533324095314498,7.277985510263999,0.9576679380719768,698,Lunch/Dinner,False,True,False
Chapati #4,136,3.443124208045013,3.1151215481097054,16.46629606829673,0.20477309637912344,52,Lunch/Dinner,True,True,True
Rice #4,197,4.635492909067201,0.1,41.28423658244732,0.6759711992876222,15,Lunch/Dinner,True,True,True
Jeera Rice #4,258,3.067671946534323,3.64677774310885,48.1239262612891,0.4425043173444495,338,Lunch/Dinner,True,True,True
Dal Tadka #4,186,10.014840767035194,6.178175960955347,19.444802789529582,2.049522222535283,389,Lunch/Dinner,True,True,False
Dal Fry #4,231,11.149281162870441,7.599530796901627,23.621194642505714,1.5089984966898735,411,Lunch/Dinner,True,True,False
Rajma Curry #4,247,11.573813704569037,5.085610451734732,37.97553507778841,2.8282770339807684,492,Lunch/Dinner,True,True,False
Chole Curry #4,279,13.39178225465221,6.800336449431187,37.72832735668987,3.5353204111612233,385,Lunch/Dinner,True,True,False
Paneer Curry #4,311,13.358683037788891,19.808846112470086,9.327772062230274,3.6933888174403626,445,Lunch/Dinner,True,True,False
Paneer Bhurji #4,272,17.2627128098315,18.66344166643364,7.266318501218024,1.6371910933868303,315,Lunch/Dinner,True,True,True
Bhindi Masala #4,151,4.383241816980152,6.468262580022423,18.180971566125784,3.527514323818182,185,Lunch/Dinner,True,True,True
Aloo Gobi #4,195,2.234782796255002,6.106605398978753,26.718189231507075,1.9053677481491795,281,Lunch/Dinner,True,True,True
Mix Veg #4,166,4.6754515614520225,7.5251093905041895,15.268746860958988,3.6783701444666255,227,Lunch/Dinner,True,True,True
Baingan Bharta #4,170,4.446047507936581,10.383349982150001,16.94935004492349,2.0260777074884286,191,Lunch/Dinner,True,True,True
Kofta Curry #4,319,9.207931381391873,23.151407305330267,23.650515956279797,2.4821805029823922,537,Lunch/Dinner,True,True,False
Veg Biryani #4,357,7.2751730940416,7.167839580494016,55.27353972289747,3.614313471050839,851,Lunch/Dinner,True,True,False
Khichdi #4,239,6.559116731380765,5.192344537422878,34.39463989800779,0.1592760555281829,210,Lunch/Dinner,True,True,True
Sambar #4,114,4.537113975418498,3.9627714973599595,17.625686991602464,1.5865473209683685,217,Lunch/Dinner,True,True,True
Rasam #4,104,3.819453781767094,2.7253757495753774,8.345973354234896,2.977358779365262,119,Lunch/Dinner,True,True,True
Fish Curry #4,282,24.97176532209083,11.556248845613995,3.6435499855724087,0.237620510272895,413,Lunch/Dinner,False,True,False
Fish Fry #4,261,21.278841190436,14.65043038958109,7.415942448373876,0.1,359,Lunch/Dinner,False,True,False
Chicken Curry #4,267,21.146018152910045,16.118519821533365,5.058993729645264,1.8105583682507287,438,Lunch/Dinner,False,True,False
Chicken Tikka #4,276,26.899803068714146,12.819145379382903,0.5556360131841789,0.1,343,Lunch/Dinner,False,True,True
Chicken Biryani #4,500,27.861317585291136,16.745131820287405,55.17667318245023,1.9269312113954324,940,Lunch/Dinner,False,True,False
Mutton Curry #4,401,29.41158193365549,28.10699563575416,2.720168551734193,0.9542170485237333,729,Lunch/Dinner,False,True,False
Chapati #5,133,2.4073261378963577,3.15768188069566,18.658993660345118,0.6045807445686031,93,Lunch/Dinner,True,True,True
Rice #5,223,4.821664113889175,1.8054565326478778,46.361359620484514,0.6741367301075626,5,Lunch/Dinner,True,True,True
Jeera Rice #5,248,5.040910957555166,4.621814638288975,43.73921272306579,0.1,393,Lunch/Dinner,True,True,False
Dal Tadka #5,202,9.945706740395039,6.768780082332963,20.96508480358049,1.2724415147068864,457,Lunch/Dinner,True,True,False
Dal Fry #5,205,11.17036202665651,8.278454730531388,20.733222302969516,1.6058014101005893,461,Lunch/Dinner,True,True,False
Rajma Curry #5,237,13.169541489570205,5.594955224559435,33.949635716951555,2.635991822617812,489,Lunch/Dinner,True,True,False
Chole Curry #5,259,12.029470814546569,6.129924693001293,34.17193296908264,2.4317351175762516,385,Lunch/Dinner,True,True,False
Paneer Curry #5,313,14.957565644876672,20.932515198856144,11.363718202803827,3.273242121923308,425,Lunch/Dinner,True,True,False
Paneer Bhurji #5,294,17.21914134762769,18.720537504325744,8.436458776367449,1.921695580165594,315,Lunch/Dinner,True,True,True
Bhindi Masala #5,180,5.421202483623183,7.411247855582358,16.953149361358424,2.01631604816449,220,Lunch/Dinner,True,True,True
Aloo Gobi #5,165,4.458039408307352,6.361843597732227,26.002841894386307,2.957021064541503,217,Lunch/Dinner,True,True,True
Mix Veg #5,155,6.380555652213687,7.690126764247153,18.852122817980156,3.1269681730001695,212,Lunch/Dinner,True,True,True
Baingan Bharta #5,178,3.066366642231804,11.20993274431163,17.515468637538007,2.1155829483167556,264,Lunch/Dinner,True,True,True
Kofta Curry #5,334,10.699590182138884,23.27839541132172,17.632548562016648,3.835843495671588,481,Lunch/Dinner,True,True,False
Veg Biryani #5,357,7.448397191674934,8.951063771333748,56.3965359599544,2.006152590706723,832,Lunch/Dinner,True,True,False
Khichdi #5,244,8.231406113593408,4.036691157514655,36.564690538343854,1.0586687575079596,245,Lunch/Dinner,True,True,True
Sambar #5,116,6.063060013044987,4.933457212202585,14.070190091621544,2.2513593003915773,174,Lunch/Dinner,True,True,True
Rasam #5,92,3.5593148499841147,2.0482579191758803,10.605398702871593,2.072509110376317,200,Lunch/Dinner,True,True,True
Fish Curry #5,261,25.329908226538198,11.105494826993187,4.24924971717448,0.1,347,Lunch/Dinner,False,True,True
Fish Fry #5,267,21.010494981005873,13.863525464334387,5.713683038339849,0.1,362,Lunch/Dinner,False,True,False
Chicken Curry #5,268,21.403441595978315,16.06573375343346,5.19792061175257,1.844790422658031,415,Lunch/Dinner,False,True,False
Chicken Tikka #5,279,26.99551506321886,12.432322670728567,1.658537253868791,0.1,408,Lunch/Dinner,False,True,False
Chicken Biryani #5,490,29.40322617836139,17.49112232631347,56.707784272991134,1.2096071249866436,915,Lunch/Dinner,False,True,False
Mutton Curry #5,385,30.41166344195159,28.471011307369604,2.9009486583326396,1.7578847475697619,750,Lunch/Dinner,False,True,False
Chapati #6,136,2.3051804836325056,4.165086384863914,18.274744822863905,1.4425888392436381,100,Lunch/Dinner,True,True,True
Rice #6,195,3.8333283476101414,0.9124702188269015,41.33312693801627,0.1,67,Lunch/Dinner,True,True,True
Jeera Rice #6,242,5.15088147207189,3.8917924226572955,47.726623975458075,0.1,406,Lunch/Dinner,True,True,False
Dal Tadka #6,198,10.12676299452681,7.185915833441266,19.022976984689652,1.6252133667400266,360,Lunch/Dinner,True,True,False
Dal Fry #6,205,9.199438797858013,9.096021750068216,21.189306097626414,2.4235814361931496,475,Lunch/Dinner,True,True,False
Rajma Curry #6,252,12.723565908876717,6.732066659780486,33.89842403214665,2.6153198673095917,413,Lunch/Dinner,True,True,False
Chole Curry #6,266,12.85906234334319,6.715469377950436,37.20939524505265,2.618980575904155,363,Lunch/Dinner,True,True,False
Paneer Curry #6,290,14.639875966390889,19.881034510802596,9.008092236266181,3.127100540624866,475,Lunch/Dinner,True,True,False
Paneer Bhurji #6,299,18.120027315501275,18.64818121957227,9.443457113932439,1.0327838949666732,285,Lunch/Dinner,True,True,True
Bhindi Masala #6,170,3.892238921776129,7.1125874545167065,15.912594302244536,2.902405415373913,247,Lunch/Dinner,True,True,True
Aloo Gobi #6,183,2.0434879795994476,6.470191838101459,21.28554740511293,2.545919247366018,237,Lunch/Dinner,True,True,True
Mix Veg #6,142,5.344816109839838,6.810848912593564,18.727856143161116,3.133121771980269,251,Lunch/Dinner,True,True,True
Baingan Bharta #6,201,4.934013353107017,11.438298256579014,13.183439269577748,3.7486849690737145,237,Lunch/Dinner,True,True,True
Kofta Curry #6,344,9.149045343337662,21.41089556490124,18.419241916195396,2.339222639338836,467,Lunch/Dinner,True,True,False
Veg Biryani #6,351,7.950349736321009,8.870000736471798,56.272380856150036,2.1248153959215053,811,Lunch/Dinner,True,True,False
Khichdi #6,252,7.432187365540344,4.9582514448405925,32.887330554113476,1.7885170253415998,190,Lunch/Dinner,True,True,True
Sambar #6,141,5.482336580605308,5.287230311874106,15.878697056913364,2.084178730029869,207,Lunch/Dinner,True,True,True
Rasam #6,79,3.7367815748463498,2.155280961928092,9.88472273779949,1.1935928072300959,192,Lunch/Dinner,True,True,True
Fish Curry #6,252,24.591215254158172,12.720013861498419,4.919692576596648,0.9432632500059741,411,Lunch/Dinner,False,True,False
Fish Fry #6,248,21.30512723230804,14.55089613535469,3.951615532555336,0.7361136573542757,368,Lunch/Dinner,False,True,False
Chicken Curry #6,299,21.390933426489518,15.793828029986013,2.020648637179622,1.2384802461242572,509,Lunch/Dinner,False,True,False
Chicken Tikka #6,272,26.22207180000185,11.704539668451554,0.17606412081586953,1.5279249301914302,340,Lunch/Dinner,False,True,True
Chicken Biryani #6,471,28.9613245711785,16.268843063587934,58.89504273009336,1.168359825996894,967,Lunch/Dinner,False,True,False
Mutton Curry #6,405,29.440893694009137,29.47491980466912,5.922611503754344,1.5916475203730653,753,Lunch/Dinner,False,True,False
Chapati #7,142,4.457494789734289,2.9059240124121937,18.022340422899877,1.450053538903543,140,Lunch/Dinner,True,True,True
Rice #7,190,4.174837517111193,0.20218231413807553,47.60069857641968,0.16336532034902831,5,Lunch/Dinner,True,True,True
Jeera Rice #7,262,5.196268372635448,4.454768909913019,44.107872218690176,0.35482821552622534,395,Lunch/Dinner,True,True,False
Dal Tadka #7,171,9.3783241634459,7.430282945242269,23.72803394159716,2.3658395455292665,417,Lunch/Dinner,True,True,False
Dal Fry #7,199,9.653834837288205,9.247180282856764,22.764617278981085,1.1550776356101233,405,Lunch/Dinner,True,True,False
Rajma Curry #7,257,12.611177024953227,6.1903947417457825,33.531383115723735,2.7043398908850667,462,Lunch/Dinner,True,True,False
Chole Curry #7,260,13.986239100755313,8.41833319522101,38.71264597350561,2.7838797605659096,367,Lunch/Dinner,True,True,False
Paneer Curry #7,324,14.160245653460915,19.121952358900327,11.539685219037647,2.5671006685360274,464,Lunch/Dinner,True,True,False
Paneer Bhurji #7,299,18.501464901083718,18.293731835639374,5.252177683198802,1.772876854791792,304,Lunch/Dinner,True,True,True
Bhindi Masala #7,185,3.974694632531389,6.621633526143913,16.326645186828205,3.905694802173529,222,Lunch/Dinner,True,True,True
Aloo Gobi #7,178,2.1739139687316715,7.4216719905234685,21.35420733563189,2.120808111971871,260,Lunch/Dinner,True,True,True
Mix Veg #7,152,4.905027558431806,7.636072128252977,19.420456061675466,3.9103349661879236,289,Lunch/Dinner,True,True,True
Baingan Bharta #7,173,4.155337505469466,9.25381822050597,13.810788291604682,2.4203594653154505,233,Lunch/Dinner,True,True,True
Kofta Curry #7,326,10.774562850358741,22.389292181766308,17.411421396337747,3.5515973258508873,529,Lunch/Dinner,True,True,False
Veg Biryani #7,362,8.988518486326683,8.758631347883863,55.27651931993942,2.8576902553642975,817,Lunch/Dinner,True,True,False
Khichdi #7,220,6.607996742029476,4.744796585942468,38.65463667263347,1.0429949175168276,168,Lunch/Dinner,True,True,True
Sambar #7,110,4.4290516662133586,3.763251519295765,12.520064130793964,1.1682859666578758,215,Lunch/Dinner,True,True,True
Rasam #7,89,2.987747508395305,2.3578295276027728,11.106323505887849,2.6578707408981277,207,Lunch/Dinner,True,True,True
Fish Curry #7,285,24.617744271886302,12.303235361766875,6.881150072346255,0.7085169330469763,413,Lunch/Dinner,False,True,False
Fish Fry #7,248,22.14861364956773,15.016371042851631,7.669067510386882,0.1,293,Lunch/Dinner,False,True,True
Chicken Curry #7,291,21.439997630286765,16.75356414481341,5.034075118221021,0.7752860622395279,501,Lunch/Dinner,False,True,False
Chicken Tikka #7,282,26.607034917086043,12.361067138165614,4.694110664098072,0.8669848088676222,419,Lunch/Dinner,False,True,False
Chicken Biryani #7,494,27.22960399250242,15.919218238786051,55.254932246498136,1.4400895817952646,919,Lunch/Dinner,False,True,False
Mutton Curry #7,380,30.05307492125387,28.747232619301016,2.5186769476990847,1.4345784353199098,725,Lunch/Dinner,False,True,False
Chapati #8,125,4.3039828219139515,2.310110416766223,19.821217354264878,0.1,84,Lunch/Dinner,True,True,True
Rice #8,195,4.589076257254094,0.3710979396523303,46.429093998602966,0.1,63,Lunch/Dinner,True,True,True
Jeera Rice #8,230,3.2459102105905915,4.400361452972934,48.44824697597523,0.7637174278944686,401,Lunch/Dinner,True,True,False
Dal Tadka #8,197,8.950002176067258,5.482291935164964,19.84320536491797,2.1708779347677187,433,Lunch/Dinner,True,True,False
Dal Fry #8,221,9.499753041050829,8.762967950568964,24.381278773388004,1.0986089987033485,446,Lunch/Dinner,True,True,False
Rajma Curry #8,262,11.448333437438983,5.852486623763029,36.790447831484315,1.2848527318553395,447,Lunch/Dinner,True,True,False
Chole Curry #8,282,12.415958335264133,7.65841817448961,36.0376950582209,3.3587044544485596,439,Lunch/Dinner,True,True,False
Paneer Curry #8,292,14.528500797037402,19.038185591329956,9.893877218588143,2.5702567025444685,490,Lunch/Dinner,True,True,False
Paneer Bhurji #8,302,18.56647489863553,17.310943847212318,7.395369334923206,2.5780438606629987,369,Lunch/Dinner,True,True,False
Bhindi Masala #8,175,3.951628052921755,6.027491355078339,16.136635611381507,2.9419454960267037,247,Lunch/Dinner,True,True,True
Aloo Gobi #8,165,3.389311251363428,6.018486812238097,23.718459463712797,2.812024623485781,240,Lunch/Dinner,True,True,True
Mix Veg #8,175,4.241598044423735,8.184998004607799,21.92826171377446,2.6148777085183865,276,Lunch/Dinner,True,True,True
Baingan Bharta #8,172,4.1072501843070786,9.227131788173557,15.411528536780457,3.764669630886429,247,Lunch/Dinner,True,True,True
Kofta Curry #8,324,11.043935765861958,21.313109988920264,19.18496364685999,3.338305963237953,512,Lunch/Dinner,True,True,False
Veg Biryani #8,352,9.265682528101605,7.037739292045,53.12985649139327,3.0045835883788694,884,Lunch/Dinner,True,True,False
Khichdi #8,239,6.424881046433915,5.355992432037249,36.47253802708245,1.8873616591717681,186,Lunch/Dinner,True,True,True
Sambar #8,127,4.234737059733346,5.431120678319095,15.22337670868367,1.9330909036767787,248,Lunch/Dinner,True,True,True
Rasam #8,66,3.1045524066895362,2.5316186217489367,11.33588760080481,2.1228284867986864,123,Lunch/Dinner,True,True,True
Fish Curry #8,251,24.152971459712116,12.357741831338021,3.3768381674045305,0.1,349,Lunch/Dinner,False,True,True
Fish Fry #8,251,22.22206298974949,14.402890113722668,2.6145432149299395,0.1,287,Lunch/Dinner,False,True,True
Chicken Curry #8,296,23.375963393849617,17.486499976054603,2.78476920022183,0.43573443909919396,426,Lunch/Dinner,False,True,False
Chicken Tikka #8,253,27.070395038146142,11.29769488566269,0.7100023296981313,1.3656578293570532,343,Lunch/Dinner,False,True,True
Chicken Biryani #8,488,27.018904628089583,15.423891956772884,59.694865110789465,1.3882046825774916,971,Lunch/Dinner,False,True,False
Mutton Curry #8,379,29.237182445048404,28.260146412571228,3.4403803650930618,1.4852728519693308,718,Lunch/Dinner,False,True,False
Chapati #9,136,2.841331093351786,3.3263751317248667,19.23655075861866,0.1,59,Lunch/Dinner,True,True,True
Rice #9,203,4.212866255927278,0.1,46.26161648634636,0.5234385149672341,5,Lunch/Dinner,True,True,True
Jeera Rice #9,253,4.393578996188094,3.358126093056936,49.265198105821256,1.0778933975517087,327,Lunch/Dinner,True,True,True
Dal Tadka #9,181,9.317720753511725,6.52202026881446,21.89966976190061,2.7233088610073164,414,Lunch/Dinner,True,True,False
Dal Fry #9,200,10.69758999724216,8.229725777418496,19.414111882808463,1.4484844268879045,443,Lunch/Dinner,True,True,False
Rajma Curry #9,248,11.701430388145694,5.591258144016022,31.204358825516515,1.4125711410750936,414,Lunch/Dinner,True,True,False
Chole Curry #9,251,14.27220751158188,7.052493750968196,34.93936349043438,2.557351850366632,376,Lunch/Dinner,True,True,False
Paneer Curry #9,318,14.607757360022664,20.95842473868182,15.387509353442802,2.315656127729744,436,Lunch/Dinner,True,True,False
Paneer Bhurji #9,287,18.398247306305407,18.985309019746264,6.904779771613227,1.5664857136979775,331,Lunch/Dinner,True,True,True
Bhindi Masala #9,152,4.668374044332749,6.793614272809382,17.082713051541813,2.717517509169854,198,Lunch/Dinner,True,True,True
Aloo Gobi #9,182,3.584604103856839,6.819715265311387,22.15435707999566,2.1784889303781845,257,Lunch/Dinner,True,True,True
Mix Veg #9,173,5.521551313790807,7.527500248936051,15.806660909383226,2.064497064133864,234,Lunch/Dinner,True,True,True
Baingan Bharta #9,194,3.742203063408144,9.959635898943613,17.199321461664287,3.520980687853945,261,Lunch/Dinner,True,True,True
Kofta Curry #9,318,10.355268539596498,22.070429918138228,19.733257071750973,2.6195842323867944,551,Lunch/Dinner,True,True,False
Veg Biryani #9,360,8.77856871146335,9.480475657236418,57.05698479444034,2.1594920807862845,894,Lunch/Dinner,True,True,False
Khichdi #9,234,7.6023316196634365,5.136032244475315,36.50145315108759,1.1502945150496358,208,Lunch/Dinner,True,True,True
Sambar #9,123,6.072346407477089,4.375033796397329,17.97294680725883,2.265933119334193,193,Lunch/Dinner,True,True,True
Rasam #9,100,3.4601919826882024,2.9654574785086694,10.168706763005893,1.9208830154747163,178,Lunch/Dinner,True,True,True
Fish Curry #9,275,23.906972575364588,13.418154348692234,1.2022864886293183,0.1,405,Lunch/Dinner,False,True,False
Fish Fry #9,261,21.714051675838473,14.709979338593532,3.9592623602674317,0.1,363,Lunch/Dinner,False,True,False
Chicken Curry #9,280,23.49098951155334,16.228860696517685,6.561990954269703,1.4752606871887957,486,Lunch/Dinner,False,True,False
Chicken Tikka #9,255,27.749471762392837,12.697434963732288,6.044595843538043,0.8134049712722253,389,Lunch/Dinner,False,True,False
Chicken Biryani #9,500,29.155433540047667,15.453967805235372,56.44339038827447,2.5773121304246165,935,Lunch/Dinner,False,True,False
Mutton Curry #9,407,30.672429578119463,28.724742473571734,7.9158547313198016,0.41539276352843935,708,Lunch/Dinner,False,True,False
Chapati #10,116,3.454678298002844,3.4931570219984036,19.060373799232362,0.6654781306770952,137,Lunch/Dinner,True,True,True
Rice #10,197,3.55061206075927,0.1,46.76960727116351,0.652877129529693,59,Lunch/Dinner,True,True,True
Jeera Rice #10,227,4.5270769493806995,3.4049873162386297,44.31933870968617,0.14316102801901534,341,Lunch/Dinner,True,True,True
Dal Tadka #10,201,8.120357323050024,7.184004735750945,22.17773683538281,1.7499128217639184,454,Lunch/Dinner,True,True,False
Dal Fry #10,198,10.661699903758088,7.346111506467427,23.5026686504232,1.9319366212859972,453,Lunch/Dinner,True,True,False
Rajma Curry #10,244,12.350962636116227,6.608028883625827,31.87693221963267,1.6020081128062695,424,Lunch/Dinner,True,True,False
Chole Curry #10,261,13.659597520823535,7.071102726949044,36.96781319980167,3.24680036094661,399,Lunch/Dinner,True,True,False
Paneer Curry #10,298,13.111559249317601,19.64001316775076,13.938386599209307,2.173897559655158,488,Lunch/Dinner,True,True,False
Paneer Bhurji #10,291,18.19760014629484,18.66973167471996,6.727719208246603,2.072485361484089,326,Lunch/Dinner,True,True,True
Bhindi Masala #10,182,3.6268361188314686,7.347459567069327,18.733796833405176,2.6275425531944396,249,Lunch/Dinner,True,True,True
Aloo Gobi #10,193,3.7703724236736744,8.091322989371442,25.658705171326876,1.298946290146404,300,Lunch/Dinner,True,True,True
Mix Veg #10,141,4.3193427335673,8.428736887472624,15.433617392189166,2.2182624690800745,245,Lunch/Dinner,True,True,True
Baingan Bharta #10,197,3.460471975736194,11.050903714338517,16.074714378321303,2.399318707926999,221,Lunch/Dinner,True,True,True
Kofta Curry #10,327,9.373499730293673,22.401400894660398,19.310603436661957,3.3166377512563754,475,Lunch/Dinner,True,True,False
Veg Biryani #10,349,8.569592602157558,9.20313596383887,54.649404962768465,2.6951203967383286,889,Lunch/Dinner,True,True,False
Khichdi #10,219,6.498742658244686,4.2259756170819625,37.77210339047574,0.18438706135277605,251,Lunch/Dinner,True,True,True
Sambar #10,105,4.55728288051466,3.825785684937858,14.780058722017213,1.3321882567177017,251,Lunch/Dinner,True,True,True
Rasam #10,102,4.004810911980478,2.7957862586828535,9.883988166617483,2.1690787287473787,165,Lunch/Dinner,True,True,True
Fish Curry #10,269,25.151316754048498,11.605367535232478,5.43463854519741,0.4145439479043975,333,Lunch/Dinner,False,True,True
Fish Fry #10,271,21.81450717069513,14.025887988416756,5.028931949015368,0.8980612683488338,344,Lunch/Dinner,False,True,True
Chicken Curry #10,271,23.300487117895827,17.17090122119271,4.419326781720826,1.128089008796504,509,Lunch/Dinner,False,True,False
Chicken Tikka #10,247,26.299311604545622,11.318911207145003,2.9080071743133082,1.1654411736123427,320,Lunch/Dinner,False,True,True
Chicken Biryani #10,483,28.858585526510204,15.062293498413528,57.4537092614035,2.197885263669499,949,Lunch/Dinner,False,True,False
Mutton Curry #10,398,30.82617227718808,29.39320084445495,5.872898054432806,1.715215278137093,711,Lunch/Dinner,False,True,False
Chapati #11,143,2.2180992474093904,2.2326183853281005,16.6962274702648,0.284430903812668,148,Lunch/Dinner,True,True,True
Rice #11,215,4.87091051512774,0.902044449314873,41.43076256548688,0.1,5,Lunch/Dinner,True,True,True
Jeera Rice #11,230,3.623928478033191,5.099152059905508,49.16227286091241,0.19208068028984107,335,Lunch/Dinner,True,True,True
Dal Tadka #11,180,8.130574358259436,7.250623937297324,19.62825061973739,1.2743282671698544,450,Lunch/Dinner,True,True,False
Dal Fry #11,205,10.481958070959934,9.22061830875011,24.951525067390158,2.884552747661491,380,Lunch/Dinner,True,True,False
Rajma Curry #11,234,11.98752454348768,6.095702233641952,31.05257382125169,1.1774895161964642,492,Lunch/Dinner,True,True,False
Chole Curry #11,255,14.163133754756279,6.535623986939015,33.0448473467885,3.5853936235713277,380,Lunch/Dinner,True,True,False
Paneer Curry #11,298,15.15718453333816,19.77182060922328,11.764823567381715,2.522355283798686,462,Lunch/Dinner,True,True,False
Paneer Bhurji #11,293,18.950524158915883,18.41533800557855,9.822987810975928,1.78851727682524,288,Lunch/Dinner,True,True,True
Bhindi Masala #11,160,4.983001300342616,7.0597903953262335,19.871170247130976,2.6579594441616594,277,Lunch/Dinner,True,True,True
Aloo Gobi #11,172,2.0242768662211033,6.121792113895268,27.454566699284843,2.7488797715721858,225,Lunch/Dinner,True,True,True
Mix Veg #11,163,4.512059167406263,6.769840315752722,18.14201299401505,2.2610381951665026,295,Lunch/Dinner,True,True,True
Baingan Bharta #11,169,3.0383295965463146,11.002088630274233,18.647606424401,3.4353387783085356,228,Lunch/Dinner,True,True,True
Kofta Curry #11,325,10.39328223014071,21.79415500910989,21.386894077335576,2.637248519612307,486,Lunch/Dinner,True,True,False
Veg Biryani #11,363,7.244792063608964,7.657681428571182,56.678670920689754,3.6431380300534517,890,Lunch/Dinner,True,True,False
Khichdi #11,216,7.193474019039094,4.8846695711392405,36.488409365011165,1.5364115992176937,193,Lunch/Dinner,True,True,True
Sambar #11,113,4.795515698708327,4.292089504088193,12.706104233867887,1.4397935740861,179,Lunch/Dinner,True,True,True
Rasam #11,76,2.032722637955378,1.01057141489746,10.335850543851961,2.648258452815627,169,Lunch/Dinner,True,True,True
Fish Curry #11,257,23.875181865031788,11.507362098706897,1.4760871282727628,0.9234464748822928,353,Lunch/Dinner,False,True,False
Fish Fry #11,268,22.234737629821538,13.514626117015132,8.36963821595551,0.3866030174115318,330,Lunch/Dinner,False,True,True
Chicken Curry #11,289,22.974237686837796,16.39451777062703,8.07420795473673,1.3978036616783542,477,Lunch/Dinner,False,True,False
Chicken Tikka #11,257,27.079325272539908,12.605042718195946,5.082948434761797,0.8037034458076009,361,Lunch/Dinner,False,True,False
Chicken Biryani #11,486,28.63417455536908,16.332243826904943,60.24856577115213,1.157730751659402,956,Lunch/Dinner,False,True,False
Mutton Curry #11,381,31.19447973330811,29.46759876221017,7.149228229351664,1.4695225938733807,674,Lunch/Dinner,False,True,False
Chapati #12,142,3.622525320636273,2.0895262242049357,18.368095177264316,0.1,56,Lunch/Dinner,True,True,True
Rice #12,196,3.9119149345801905,0.1,45.72659449730098,0.1,66,Lunch/Dinner,True,True,True
Jeera Rice #12,230,5.163413351359841,5.0837948291296104,44.11662834314982,0.1,322,Lunch/Dinner,True,True,True
Dal Tadka #12,199,9.977501467208578,5.433033884821389,18.19041091779983,2.01791972701289,417,Lunch/Dinner,True,True,False
Dal Fry #12,222,9.947950756994434,8.242127095773858,22.951558230301465,1.5235449876845886,480,Lunch/Dinner,True,True,False
Rajma Curry #12,251,12.152652028729044,5.105860621335623,36.0472843940005,1.0705712152000486,470,Lunch/Dinner,True,True,False
Chole Curry #12,272,12.812271691705876,6.233126411928088,37.60579190942398,3.9272206818895983,366,Lunch/Dinner,True,True,False
Paneer Curry #12,322,13.787001918182693,20.17232835141905,11.7338490780741,3.1224057361882833,405,Lunch/Dinner,True,True,False
Paneer Bhurji #12,289,19.345361026546115,19.437231189497396,7.244426923049197,2.390026507663526,281,Lunch/Dinner,True,True,True
Bhindi Masala #12,161,3.391661123921083,6.271641791886299,19.383164764502734,3.5231299140675585,230,Lunch/Dinner,True,True,True
Aloo Gobi #12,178,2.693831800757565,8.139223405077425,23.546186184257806,2.6573463289580053,253,Lunch/Dinner,True,True,True
Mix Veg #12,135,4.017902065544939,6.4319664299017685,18.95079307269638,3.1284775033573657,211,Lunch/Dinner,True,True,True
Baingan Bharta #12,205,3.7856118572547115,10.345426803739803,14.802125979467835,3.832290587615124,249,Lunch/Dinner,True,True,True
Kofta Curry #12,340,9.935296926612287,23.25314299700728,19.036331061319295,3.6052199868150727,460,Lunch/Dinner,True,True,False
Veg Biryani #12,354,8.337311039616912,7.951856951992629,53.25440646921096,2.4310768181130338,902,Lunch/Dinner,True,True,False
Khichdi #12,251,8.138752260075236,5.310958743361802,35.94948207682055,1.57943529728479,168,Lunch/Dinner,True,True,True
Sambar #12,135,6.1855410746361486,4.29048706508549,12.095181790497616,2.0924317881709147,194,Lunch/Dinner,True,True,True
Rasam #12,105,2.4729313284184333,1.554064099413384,7.968870650431874,2.75229471022668,145,Lunch/Dinner,True,True,True
Fish Curry #12,271,25.414492101720462,13.080425825724895,6.0918785120986945,0.1,398,Lunch/Dinner,False,True,False
Fish Fry #12,239,21.208971366700958,13.973919061165068,7.512755055683378,0.1,331,Lunch/Dinner,False,True,True
Chicken Curry #12,288,23.359845218744944,15.60961567628439,2.836442851013622,1.6324243203186437,460,Lunch/Dinner,False,True,False
Chicken Tikka #12,277,26.383016423047057,11.734598956480298,4.2180610939840735,0.5845315725262454,359,Lunch/Dinner,False,True,False
Chicken Biryani #12,501,28.48548566906935,16.02142163751087,58.05750120827982,1.3878196459922987,970,Lunch/Dinner,False,True,False
Mutton Curry #12,404,29.285776832498353,28.855342601238704,6.648171862421463,1.655020109805427,677,Lunch/Dinner,False,True,False
Roasted Chana #1,132,7.321903605925488,2.965614713655562,16.328828230418384,1.4000055560790927,66,Snack,True,True,True
Peanuts #1,165,8.144621080500125,14.512724484815486,7.326416036576952,1.4528245501829178,41,Snack,True,True,True
Sprouts Salad #1,105,6.536473108449814,2.262070637761894,12.181371989069888,3.6043514342907974,43,Snack,True,True,True
Fruit Bowl #1,66,0.35664670673304644,0.7358621440568303,22.919696688232072,14.121920008087233,7,Snack,True,False,True
Makhana #1,141,5.7551606800264,4.1704551746234255,23.334944589508858,1.6421576540336973,66,Snack,True,True,True
Tea #1,30,1.4361131301694219,1.5602250595209821,3.356971349299891,3.6716617286438544,63,Snack,True,True,True
Coffee #1,38,1.6996271277679773,1.0829405832541368,5.393315865620096,0.7124974195992384,5,Snack,True,True,True
Samosa #1,253,3.4797824358209013,17.513751804173353,21.587916650474938,1.1713948526578686,486,Snack,True,True,False
Kachori #1,286,5.0925912482599776,17.043773885100414,29.065078465787753,3.2960398920386247,510,Snack,True,True,False
Bhel Puri #1,233,5.181831667974797,6.033395193720441,35.842655102786324,4.707595019391903,473,Snack,True,True,False
Sev Puri #1,250,3.5580341506297373,11.731820367201832,30.312697439007277,3.363428613930526,476,Snack,True,True,False
Dhokla #1,160,5.324073876252597,3.306479828400615,24.571408563586964,2.637094704854161,342,Snack,True,True,True
Aloo Tikki #1,183,4.061822980290787,9.359299433829879,19.86150834203842,0.9754056103846036,381,Snack,True,True,False
Pani Puri #1,202,3.094251049492911,4.110543821027699,29.52540407580269,3.2061392308944567,639,Snack,True,True,False
Sandwich #1,188,7.42668034720761,6.307164586226515,33.75859145675723,3.991679724525528,318,Snack,True,True,True
Roasted Chana #2,121,6.863802041349256,2.663628110835826,16.232560446016006,1.8014965411888944,108,Snack,True,True,True
Peanuts #2,169,6.909146782726063,14.771827570620067,5.671454984131399,0.16290540071427562,52,Snack,True,True,True
Sprouts Salad #2,111,5.631845148088747,1.799014149434128,10.416984528268,2.943747355184995,48,Snack,True,True,True
Fruit Bowl #2,104,0.25133432258177635,0.1,19.36886325094683,15.311958619543027,45,Snack,True,False,True
Makhana #2,144,4.830137658130276,4.489128444420699,23.642223394871564,1.5068819573587922,18,Snack,True,True,True
Tea #2,37,1.1643666522485137,1.7020825243268423,5.776669437205596,3.098163519178869,71,Snack,True,True,True
Coffee #2,7,0.400177664776187,0.6082176262692083,6.058792789202739,0.1,37,Snack,True,True,True
Samosa #2,245,4.264777612989391,16.06543753410658,22.890139599602282,2.3113320778402784,502,Snack,True,True,False
Kachori #2,299,4.543569975591017,15.896910744289016,30.6828406948234,2.554204195614475,537,Snack,True,True,False
Bhel Puri #2,223,5.025127296458757,5.3826260054925115,29.221638910491148,5.229352529937925,453,Snack,True,True,False
Sev Puri #2,285,3.9745602983302426,12.047667394717392,32.58643609508961,4.527352139446261,556,Snack,True,True,False
Dhokla #2,158,7.199050219444152,3.3245365915682563,22.80952704564403,2.9231100469158102,284,Snack,True,True,True
Aloo Tikki #2,169,4.099392436094953,8.256530548853151,24.28946473134457,1.4859185221021785,410,Snack,True,True,False
Pani Puri #2,189,3.4102202478260466,4.705889130282554,26.161100732937648,3.863937524641082,584,Snack,True,True,False
Sandwich #2,195,5.7460234503938326,5.319725464736731,32.989167140717726,3.56665420412531,319,Snack,True,True,True
Roasted Chana #3,105,6.802834396531025,1.2725030772558354,16.481309547549326,1.9486919384848824,41,Snack,True,True,True
Peanuts #3,168,6.009123518605103,13.520293679942547,3.436656692347207,0.5432196644643588,62,Snack,True,True,True
Sprouts Salad #3,105,7.252361304334176,0.30339920255226194,12.19952390998463,2.7799103132439242,71,Snack,True,True,True
Fruit Bowl #3,70,0.13603223508713347,1.1306423584328553,22.72136686816237,15.990311370047973,16,Snack,True,False,True
Makhana #3,125,6.246879028025575,3.5594362336792216,20.06805533650628,0.835745947902812,5,Snack,True,True,True
Tea #3,15,1.3749443309068388,0.5946352105731378,3.408779402156461,3.332625448565974,70,Snack,True,True,True
Coffee #3,37,2.2381197159935247,0.1,6.2065798914157035,0.1,11,Snack,True,True,True
Samosa #3,269,4.2638657011153,17.504653173094457,23.291302234165776,1.7837440960029995,509,Snack,True,True,False
Kachori #3,271,5.545928080183813,15.120843196148318,31.36757126775114,2.8391371396842464,499,Snack,True,True,False
Bhel Puri #3,219,5.78312312961404,6.2399671174807025,34.57570359417842,4.506571807783388,471,Snack,True,True,False
Sev Puri #3,268,5.320390467797997,12.929219680841548,31.846426975750994,4.014921605344972,469,Snack,True,True,False
Dhokla #3,149,7.153893733688841,4.307242161290961,21.99655475115485,3.602528270543808,341,Snack,True,True,True
Aloo Tikki #3,161,3.583788372573344,8.974498838193615,20.264339118654497,0.7906384365531809,350,Snack,True,True,False
Pani Puri #3,174,2.0611795822507277,6.351398694925442,28.90954655022169,3.416501497643307,618,Snack,True,True,False
Sandwich #3,201,5.005631005294701,5.952643054694979,27.0065260233858,3.369953925718542,300,Snack,True,True,True
Roasted Chana #4,110,5.1529038530722335,3.47740652160572,21.88729641057133,0.5534972339658963,33,Snack,True,True,True
Peanuts #4,164,7.698759672434061,13.04818311133616,7.229478859502577,1.6826884889734803,16,Snack,True,True,True
Sprouts Salad #4,95,6.350146068288355,2.105375567715035,9.853993864948931,2.4866149992402424,5,Snack,True,True,True
Fruit Bowl #4,80,2.0031101190320904,0.1,20.946407355106114,15.50157767536051,5,Snack,True,False,True
Makhana #4,140,5.873317862856822,2.2993953795859436,19.60450897510703,1.1920790480577539,58,Snack,True,True,True
Tea #4,28,0.31001348828552544,1.4906792024620572,4.251165064771399,2.771559828637516,41,Snack,True,True,True
Coffee #4,34,1.6182975808998334,0.1,4.007259108522595,0.1,5,Snack,True,True,True
Samosa #4,243,4.980122886084693,16.40064481824107,26.027973260872177,1.7873921573202818,482,Snack,True,True,False
Kachori #4,279,4.86375382162843,17.014493974708202,29.296971008864208,3.7927202257026664,506,Snack,True,True,False
Bhel Puri #4,221,5.201072326635593,7.257245332209973,30.440197007160343,5.570177295818068,463,Snack,True,True,False
Sev Puri #4,260,4.114786306567885,12.841756540293103,28.256636523732503,4.6506152604172435,467,Snack,True,True,False
Dhokla #4,146,6.540282173196399,5.345248811467023,25.342117039145972,2.479872212294884,357,Snack,True,True,False
Aloo Tikki #4,157,4.341278055983915,8.292004420008318,23.46949671262691,1.1312965826628247,327,Snack,True,True,True
Pani Puri #4,190,3.7739165582304737,6.261927770574888,28.625520436836055,3.6433810452050137,602,Snack,True,True,False
Sandwich #4,202,6.259941125154065,5.170965050302041,28.797411635501177,3.9453942306856553,357,Snack,True,True,False
Roasted Chana #5,126,6.062794786320172,1.2583364343465253,21.011480992692853,0.5591699295668218,40,Snack,True,True,True
Peanuts #5,173,6.51670417849352,13.367041937399476,7.843639700015023,1.6184923928702413,61,Snack,True,True,True
Sprouts Salad #5,114,6.165839940176052,0.7813265101321393,11.503823402685448,3.121280102748852,17,Snack,True,True,True
Fruit Bowl #5,84,1.6329902418501834,0.1,19.659501853253538,14.731552590902865,5,Snack,True,False,True
Makhana #5,159,6.332388651637411,3.1647780284402316,25.03741058701177,0.22920356046951196,21,Snack,True,True,True
Tea #5,21,0.8035506232381993,0.13554115994283,7.408456482899225,3.2093499277766284,18,Snack,True,True,True
Coffee #5,8,1.4836835868585962,0.5813653075490683,1.9983579011494284,0.44372422295118574,63,Snack,True,True,True
Samosa #5,250,3.787023657042666,18.019054743352637,22.18097786248691,2.8042234388047715,482,Snack,True,True,False
Kachori #5,290,4.93728621061008,15.83130637566832,31.485903141651406,2.4115524600755545,524,Snack,True,True,False
Bhel Puri #5,225,5.691793738691331,6.326355968627406,32.87386154843036,5.232441939598623,416,Snack,True,True,False
Sev Puri #5,253,5.222208278484607,12.334944746772,32.967451786929466,4.683550459082789,539,Snack,True,True,False
Dhokla #5,175,5.667265796869274,4.734783094925485,22.585627339341716,2.1188408327115846,314,Snack,True,True,True
Aloo Tikki #5,185,3.862673436672468,7.5871928552395795,21.1175562187036,0.4256942037374385,405,Snack,True,True,False
Pani Puri #5,174,3.6751391635901625,6.217679101191839,25.344509843672405,3.10815539688038,602,Snack,True,True,False
Sandwich #5,189,7.265115480322591,4.428213488813647,32.14526228700524,3.7641366897039457,325,Snack,True,True,True
Roasted Chana #6,143,6.311227365883363,2.4698541122582087,16.209484023923913,0.966062558181066,25,Snack,True,True,True
Peanuts #6,160,7.955626320916294,14.129210054881572,2.2869531322488106,0.2938952041094218,5,Snack,True,True,True
Sprouts Salad #6,79,6.150941317986434,0.8378709195014009,12.470236442660681,2.6385926853822017,73,Snack,True,True,True
Fruit Bowl #6,81,0.9545264309503482,0.5237680050758897,18.642301363857552,14.40732869651523,10,Snack,True,False,True
Makhana #6,133,6.319023839534057,4.117121390543761,23.124205618237596,0.4841697459200436,24,Snack,True,True,True
Tea #6,50,0.32282849939474256,1.7041862684790399,4.695922347278627,3.8506369483422187,5,Snack,True,True,True
Coffee #6,27,1.3269441292142645,0.7138159201064957,1.363857392121433,0.1,38,Snack,True,True,True
Samosa #6,251,4.2711057918713236,16.75918466927708,23.546494300369407,1.4920496686644185,496,Snack,True,True,False
Kachori #6,291,5.695073074365368,15.231406378658253,33.54784220573961,3.87932074632322,461,Snack,True,True,False
Bhel Puri #6,214,6.373538840013786,7.320806601229275,32.00208797584553,4.452489941878117,466,Snack,True,True,False
Sev Puri #6,271,3.9155208181472254,13.381726811669578,33.36191143702076,3.606109836993424,491,Snack,True,True,False
Dhokla #6,166,6.094087378617962,3.3483601967633096,24.29741694763637,2.3693581543168216,279,Snack,True,True,True
Aloo Tikki #6,184,2.4195688636437533,8.132395146097695,25.38390715520456,1.232283249466554,395,Snack,True,True,False
Pani Puri #6,171,2.6998211867156066,4.775367915835283,27.649353956955693,2.0439820862076177,592,Snack,True,True,False
Sandwich #6,225,6.089377430360803,5.437834826470752,29.214830653424983,3.114169636936089,265,Snack,True,True,True
